Line,Message
295,"LOG>> NRC = 31 (requestOutOfRange)"
297,"2025-10-21T10:51:40,742 ERROR otxcontainer.G2171556 - Error in application, message was: Qualifier: Execute diag service text: Request out of range or security access required, skip to next DID."
317,"2025-10-21T10:51:40,753 ERROR otxcontainer.G2171556 - Error in application, message was: Qualifier: Execute diag service text: Request out of range or security access required, skip to next DID."
338,"2025-10-21T10:51:40,764 ERROR otxcontainer.G2171556 - Error in application, message was: Qualifier: Execute diag service text: Request out of range or security access required, skip to next DID."
358,"2025-10-21T10:51:40,775 ERROR otxcontainer.G2171556 - Error in application, message was: Qualifier: Execute diag service text: Request out of range or security access required, skip to next DID."
947,"LOG>> F188 Validation FAIL"
955,"LOG>> 8068 Validation FAIL"
963,"LOG>> 8033 Validation FAIL"
1021,"LOG>> Failed update!!!"
1023,"2025-10-21T10:51:57,495 ERROR otxcontainer.G2171556 - Error in application, message was: Qualifier: ValidateFlashActionDIDsAgainstModule text: Update was not successful!"
1025,"FAIL - F188 = NU5T-14G676-EC >>> SHOULD = PU5T-14G676-CC"
1026,"FAIL - 8068 = MU5T-14H236-MC >>> SHOULD = MU5T-14H236-MD"
1027,"FAIL - 8033 = NU5T-14G682-DN >>> SHOULD = PU5T-14G682-FL"
1030,"FAIL - NU5T-14H211-CA is NOT installed"
1031,"FAIL - PU5T-14H211-ADA is NOT installed"
1032,"FAIL - PU5T-14H212-ANF is NOT installed"
1033,"FAIL - PU5T-14H212-APF is NOT installed"
1034,"FAIL - PU5T-14H212-ARF is NOT installed"
1035,"FAIL - PU5T-14H212-ASF is NOT installed"
1036,"FAIL - PU5T-14H212-ATF is NOT installed"
1037,"FAIL - PU5T-14H213-ANF is NOT installed"
1038,"FAIL - PU5T-14H213-APF is NOT installed"
1039,"FAIL - PU5T-14H213-ARF is NOT installed"
1040,"FAIL - PU5T-14H237-CB is NOT installed"
1044,"FAIL - F188 = NU5T-14G676-EC >>> SHOULD = PU5T-14G676-CC"
1045,"FAIL - 8068 = MU5T-14H236-MC >>> SHOULD = MU5T-14H236-MD"
1046,"FAIL - 8033 = NU5T-14G682-DN >>> SHOULD = PU5T-14G682-FL"
1049,"FAIL - NU5T-14H211-CA is NOT installed"
1050,"FAIL - PU5T-14H211-ADA is NOT installed"
1051,"FAIL - PU5T-14H212-ANF is NOT installed"
1052,"FAIL - PU5T-14H212-APF is NOT installed"
1053,"FAIL - PU5T-14H212-ARF is NOT installed"
1054,"FAIL - PU5T-14H212-ASF is NOT installed"
1055,"FAIL - PU5T-14H212-ATF is NOT installed"
1056,"FAIL - PU5T-14H213-ANF is NOT installed"
1057,"FAIL - PU5T-14H213-APF is NOT installed"
1058,"FAIL - PU5T-14H213-ARF is NOT installed"
1059,"FAIL - PU5T-14H237-CB is NOT installed"
1080,"FAIL - F188 = NU5T-14G676-EC >>> SHOULD = PU5T-14G676-CC"
1081,"FAIL - 8068 = MU5T-14H236-MC >>> SHOULD = MU5T-14H236-MD"
1082,"FAIL - 8033 = NU5T-14G682-DN >>> SHOULD = PU5T-14G682-FL"
1085,"FAIL - NU5T-14H211-CA is NOT installed"
1086,"FAIL - PU5T-14H211-ADA is NOT installed"
1087,"FAIL - PU5T-14H212-ANF is NOT installed"
1088,"FAIL - PU5T-14H212-APF is NOT installed"
1089,"FAIL - PU5T-14H212-ARF is NOT installed"
1090,"FAIL - PU5T-14H212-ASF is NOT installed"
1091,"FAIL - PU5T-14H212-ATF is NOT installed"
1092,"FAIL - PU5T-14H213-ANF is NOT installed"
1093,"FAIL - PU5T-14H213-APF is NOT installed"
1094,"FAIL - PU5T-14H213-ARF is NOT installed"
1095,"FAIL - PU5T-14H237-CB is NOT installed"
1097,"2025-10-21T10:51:57,522 ERROR otxcontainer.G2171556 - Error in application, message was: Qualifier: ValidateFlashActionDIDsAgainstModule text: Update was not successful!"
1099,"FAIL - F188 = NU5T-14G676-EC >>> SHOULD = PU5T-14G676-CC"
1100,"FAIL - 8068 = MU5T-14H236-MC >>> SHOULD = MU5T-14H236-MD"
1101,"FAIL - 8033 = NU5T-14G682-DN >>> SHOULD = PU5T-14G682-FL"
1104,"FAIL - NU5T-14H211-CA is NOT installed"
1105,"FAIL - PU5T-14H211-ADA is NOT installed"
1106,"FAIL - PU5T-14H212-ANF is NOT installed"
1107,"FAIL - PU5T-14H212-APF is NOT installed"
1108,"FAIL - PU5T-14H212-ARF is NOT installed"
1109,"FAIL - PU5T-14H212-ASF is NOT installed"
1110,"FAIL - PU5T-14H212-ATF is NOT installed"
1111,"FAIL - PU5T-14H213-ANF is NOT installed"
1112,"FAIL - PU5T-14H213-APF is NOT installed"
1113,"FAIL - PU5T-14H213-ARF is NOT installed"
1114,"FAIL - PU5T-14H237-CB is NOT installed"
1118,"FAIL - F188 = NU5T-14G676-EC >>> SHOULD = PU5T-14G676-CC"
1119,"FAIL - 8068 = MU5T-14H236-MC >>> SHOULD = MU5T-14H236-MD"
1120,"FAIL - 8033 = NU5T-14G682-DN >>> SHOULD = PU5T-14G682-FL"
1123,"FAIL - NU5T-14H211-CA is NOT installed"
1124,"FAIL - PU5T-14H211-ADA is NOT installed"
1125,"FAIL - PU5T-14H212-ANF is NOT installed"
1126,"FAIL - PU5T-14H212-APF is NOT installed"
1127,"FAIL - PU5T-14H212-ARF is NOT installed"
1128,"FAIL - PU5T-14H212-ASF is NOT installed"
1129,"FAIL - PU5T-14H212-ATF is NOT installed"
1130,"FAIL - PU5T-14H213-ANF is NOT installed"
1131,"FAIL - PU5T-14H213-APF is NOT installed"
1132,"FAIL - PU5T-14H213-ARF is NOT installed"
1133,"FAIL - PU5T-14H237-CB is NOT installed"
1149,"2025-10-21T10:53:33,309 INFO dflt.memory.MemoryMonitor - [MEMORY] Available virtual memory: 296 MB"
1223,"2025-10-21T10:53:41,309 ERROR otxcontainer.G2171556 - Error in application, message was: Qualifier: ValidateSoftwareUpdateProcess text: SoftwareUpdateProcess"
1235,"LOG>> Update software programming failed, exit process"
1247,"2025-10-21T10:53:41,324 ERROR otxcontainer.G2171556 - Error in application, message was: Qualifier: ValidateSoftwareUpdateProcess text: SoftwareUpdateProcess"
1267,"2025-10-21T10:53:41,337 ERROR otx.utils.ParallelExecutorOld - [TG] Parallel executor thread Thread[parallel-executor-7427-thread-2,5,tg-G2171556] got exception -> com.ford.etis.runtime.apps.otx.utils.exceptions.UserExceptionLiteral: Qualifier: ValidateSoftwareUpdateProcess text: SoftwareUpdateProcess"
1269,"2025-10-21T10:53:41,341 ERROR otxcontainer.G2171556 - Error in application, message was: Qualifier: ValidateSoftwareUpdateProcess text: SoftwareUpdateProcess"
1323,"2025-10-21T10:53:43,371 ERROR otxcontainer.G2171556 - Error in application, message was: Qualifier: CheckSoftwareLevel text: Handle exception"
1343,"2025-10-21T10:53:43,383 ERROR otxcontainer.G2171556 - Error in application, message was: Qualifier: CheckSoftwareLevel text: Handle exception"
1367,"2025-10-21T10:53:43,396 ERROR otxcontainer.G2171556 - Error in application, message was: Qualifier: CheckSoftwareLevel text: Handle exception"
1483,"LOG>> BEGIN ~~ BatteryCheck"
1497,"LOG>> Battery State of Charge SOC (percent) = 87"
1501,"LOG>> Battery voltage = 13.167"
1505,"LOG>> END ~~ BatteryCheck"
2247,"LOG>> errorDetails = SUCCESS"
2251,"LOG>> errorSource = FENIX."
2861,"LOG>> NRC = 31 (requestOutOfRange)"
2863,"2025-10-21T10:55:45,318 ERROR otxcontainer.G2171556 - Error in application, message was: Qualifier: Execute diag service text: Request out of range or security access required, skip to next DID."
2883,"2025-10-21T10:55:45,329 ERROR otxcontainer.G2171556 - Error in application, message was: Qualifier: Execute diag service text: Request out of range or security access required, skip to next DID."
2904,"2025-10-21T10:55:45,340 ERROR otxcontainer.G2171556 - Error in application, message was: Qualifier: Execute diag service text: Request out of range or security access required, skip to next DID."
2924,"2025-10-21T10:55:45,351 ERROR otxcontainer.G2171556 - Error in application, message was: Qualifier: Execute diag service text: Request out of range or security access required, skip to next DID."
3513,"LOG>> F188 Validation FAIL"
3521,"LOG>> 8068 Validation FAIL"
3529,"LOG>> 8033 Validation FAIL"
3587,"LOG>> Failed update!!!"
3589,"2025-10-21T10:56:02,168 ERROR otxcontainer.G2171556 - Error in application, message was: Qualifier: ValidateFlashActionDIDsAgainstModule text: Update was not successful!"
3591,"FAIL - F188 = NU5T-14G676-EC >>> SHOULD = PU5T-14G676-CC"
3592,"FAIL - 8068 = MU5T-14H236-MC >>> SHOULD = MU5T-14H236-MD"
3593,"FAIL - 8033 = NU5T-14G682-DN >>> SHOULD = PU5T-14G682-FL"
3596,"FAIL - NU5T-14H211-CA is NOT installed"
3597,"FAIL - PU5T-14H211-ADA is NOT installed"
3598,"FAIL - PU5T-14H212-ANF is NOT installed"
3599,"FAIL - PU5T-14H212-APF is NOT installed"
3600,"FAIL - PU5T-14H212-ARF is NOT installed"
3601,"FAIL - PU5T-14H212-ASF is NOT installed"
3602,"FAIL - PU5T-14H212-ATF is NOT installed"
3603,"FAIL - PU5T-14H213-ANF is NOT installed"
3604,"FAIL - PU5T-14H213-APF is NOT installed"
3605,"FAIL - PU5T-14H213-ARF is NOT installed"
3606,"FAIL - PU5T-14H237-CB is NOT installed"
3610,"FAIL - F188 = NU5T-14G676-EC >>> SHOULD = PU5T-14G676-CC"
3611,"FAIL - 8068 = MU5T-14H236-MC >>> SHOULD = MU5T-14H236-MD"
3612,"FAIL - 8033 = NU5T-14G682-DN >>> SHOULD = PU5T-14G682-FL"
3615,"FAIL - NU5T-14H211-CA is NOT installed"
3616,"FAIL - PU5T-14H211-ADA is NOT installed"
3617,"FAIL - PU5T-14H212-ANF is NOT installed"
3618,"FAIL - PU5T-14H212-APF is NOT installed"
3619,"FAIL - PU5T-14H212-ARF is NOT installed"
3620,"FAIL - PU5T-14H212-ASF is NOT installed"
3621,"FAIL - PU5T-14H212-ATF is NOT installed"
3622,"FAIL - PU5T-14H213-ANF is NOT installed"
3623,"FAIL - PU5T-14H213-APF is NOT installed"
3624,"FAIL - PU5T-14H213-ARF is NOT installed"
3625,"FAIL - PU5T-14H237-CB is NOT installed"
3646,"FAIL - F188 = NU5T-14G676-EC >>> SHOULD = PU5T-14G676-CC"
3647,"FAIL - 8068 = MU5T-14H236-MC >>> SHOULD = MU5T-14H236-MD"
3648,"FAIL - 8033 = NU5T-14G682-DN >>> SHOULD = PU5T-14G682-FL"
3651,"FAIL - NU5T-14H211-CA is NOT installed"
3652,"FAIL - PU5T-14H211-ADA is NOT installed"
3653,"FAIL - PU5T-14H212-ANF is NOT installed"
3654,"FAIL - PU5T-14H212-APF is NOT installed"
3655,"FAIL - PU5T-14H212-ARF is NOT installed"
3656,"FAIL - PU5T-14H212-ASF is NOT installed"
3657,"FAIL - PU5T-14H212-ATF is NOT installed"
3658,"FAIL - PU5T-14H213-ANF is NOT installed"
3659,"FAIL - PU5T-14H213-APF is NOT installed"
3660,"FAIL - PU5T-14H213-ARF is NOT installed"
3661,"FAIL - PU5T-14H237-CB is NOT installed"
3663,"2025-10-21T10:56:02,197 ERROR otxcontainer.G2171556 - Error in application, message was: Qualifier: ValidateFlashActionDIDsAgainstModule text: Update was not successful!"
3665,"FAIL - F188 = NU5T-14G676-EC >>> SHOULD = PU5T-14G676-CC"
3666,"FAIL - 8068 = MU5T-14H236-MC >>> SHOULD = MU5T-14H236-MD"
3667,"FAIL - 8033 = NU5T-14G682-DN >>> SHOULD = PU5T-14G682-FL"
3670,"FAIL - NU5T-14H211-CA is NOT installed"
3671,"FAIL - PU5T-14H211-ADA is NOT installed"
3672,"FAIL - PU5T-14H212-ANF is NOT installed"
3673,"FAIL - PU5T-14H212-APF is NOT installed"
3674,"FAIL - PU5T-14H212-ARF is NOT installed"
3675,"FAIL - PU5T-14H212-ASF is NOT installed"
3676,"FAIL - PU5T-14H212-ATF is NOT installed"
3677,"FAIL - PU5T-14H213-ANF is NOT installed"
3678,"FAIL - PU5T-14H213-APF is NOT installed"
3679,"FAIL - PU5T-14H213-ARF is NOT installed"
3680,"FAIL - PU5T-14H237-CB is NOT installed"
3684,"FAIL - F188 = NU5T-14G676-EC >>> SHOULD = PU5T-14G676-CC"
3685,"FAIL - 8068 = MU5T-14H236-MC >>> SHOULD = MU5T-14H236-MD"
3686,"FAIL - 8033 = NU5T-14G682-DN >>> SHOULD = PU5T-14G682-FL"
3689,"FAIL - NU5T-14H211-CA is NOT installed"
3690,"FAIL - PU5T-14H211-ADA is NOT installed"
3691,"FAIL - PU5T-14H212-ANF is NOT installed"
3692,"FAIL - PU5T-14H212-APF is NOT installed"
3693,"FAIL - PU5T-14H212-ARF is NOT installed"
3694,"FAIL - PU5T-14H212-ASF is NOT installed"
3695,"FAIL - PU5T-14H212-ATF is NOT installed"
3696,"FAIL - PU5T-14H213-ANF is NOT installed"
3697,"FAIL - PU5T-14H213-APF is NOT installed"
3698,"FAIL - PU5T-14H213-ARF is NOT installed"
3699,"FAIL - PU5T-14H237-CB is NOT installed"
3729,"FAIL - F188 = NU5T-14G676-EC >>> SHOULD = PU5T-14G676-CC"
3730,"FAIL - 8068 = MU5T-14H236-MC >>> SHOULD = MU5T-14H236-MD"
3731,"FAIL - 8033 = NU5T-14G682-DN >>> SHOULD = PU5T-14G682-FL"
3734,"FAIL - NU5T-14H211-CA is NOT installed"
3735,"FAIL - PU5T-14H211-ADA is NOT installed"
3736,"FAIL - PU5T-14H212-ANF is NOT installed"
3737,"FAIL - PU5T-14H212-APF is NOT installed"
3738,"FAIL - PU5T-14H212-ARF is NOT installed"
3739,"FAIL - PU5T-14H212-ASF is NOT installed"
3740,"FAIL - PU5T-14H212-ATF is NOT installed"
3741,"FAIL - PU5T-14H213-ANF is NOT installed"
3742,"FAIL - PU5T-14H213-APF is NOT installed"
3743,"FAIL - PU5T-14H213-ARF is NOT installed"
3744,"FAIL - PU5T-14H237-CB is NOT installed"
3746,"2025-10-21T10:56:08,095 ERROR otxcontainer.G2171556 - Error in application, message was: Qualifier: ValidateFlashActionDIDsAgainstModule text: Update was not successful!"
3748,"FAIL - F188 = NU5T-14G676-EC >>> SHOULD = PU5T-14G676-CC"
3749,"FAIL - 8068 = MU5T-14H236-MC >>> SHOULD = MU5T-14H236-MD"
3750,"FAIL - 8033 = NU5T-14G682-DN >>> SHOULD = PU5T-14G682-FL"
3753,"FAIL - NU5T-14H211-CA is NOT installed"
3754,"FAIL - PU5T-14H211-ADA is NOT installed"
3755,"FAIL - PU5T-14H212-ANF is NOT installed"
3756,"FAIL - PU5T-14H212-APF is NOT installed"
3757,"FAIL - PU5T-14H212-ARF is NOT installed"
3758,"FAIL - PU5T-14H212-ASF is NOT installed"
3759,"FAIL - PU5T-14H212-ATF is NOT installed"
3760,"FAIL - PU5T-14H213-ANF is NOT installed"
3761,"FAIL - PU5T-14H213-APF is NOT installed"
3762,"FAIL - PU5T-14H213-ARF is NOT installed"
3763,"FAIL - PU5T-14H237-CB is NOT installed"
3767,"FAIL - F188 = NU5T-14G676-EC >>> SHOULD = PU5T-14G676-CC"
3768,"FAIL - 8068 = MU5T-14H236-MC >>> SHOULD = MU5T-14H236-MD"
3769,"FAIL - 8033 = NU5T-14G682-DN >>> SHOULD = PU5T-14G682-FL"
3772,"FAIL - NU5T-14H211-CA is NOT installed"
3773,"FAIL - PU5T-14H211-ADA is NOT installed"
3774,"FAIL - PU5T-14H212-ANF is NOT installed"
3775,"FAIL - PU5T-14H212-APF is NOT installed"
3776,"FAIL - PU5T-14H212-ARF is NOT installed"
3777,"FAIL - PU5T-14H212-ASF is NOT installed"
3778,"FAIL - PU5T-14H212-ATF is NOT installed"
3779,"FAIL - PU5T-14H213-ANF is NOT installed"
3780,"FAIL - PU5T-14H213-APF is NOT installed"
3781,"FAIL - PU5T-14H213-ARF is NOT installed"
3782,"FAIL - PU5T-14H237-CB is NOT installed"
3795,"LOG>> Update software programming failed, exit process"
3807,"FAIL - F188 = NU5T-14G676-EC >>> SHOULD = PU5T-14G676-CC"
3808,"FAIL - 8068 = MU5T-14H236-MC >>> SHOULD = MU5T-14H236-MD"
3809,"FAIL - 8033 = NU5T-14G682-DN >>> SHOULD = PU5T-14G682-FL"
3812,"FAIL - NU5T-14H211-CA is NOT installed"
3813,"FAIL - PU5T-14H211-ADA is NOT installed"
3814,"FAIL - PU5T-14H212-ANF is NOT installed"
3815,"FAIL - PU5T-14H212-APF is NOT installed"
3816,"FAIL - PU5T-14H212-ARF is NOT installed"
3817,"FAIL - PU5T-14H212-ASF is NOT installed"
3818,"FAIL - PU5T-14H212-ATF is NOT installed"
3819,"FAIL - PU5T-14H213-ANF is NOT installed"
3820,"FAIL - PU5T-14H213-APF is NOT installed"
3821,"FAIL - PU5T-14H213-ARF is NOT installed"
3822,"FAIL - PU5T-14H237-CB is NOT installed"
3824,"2025-10-21T10:56:08,123 ERROR otxcontainer.G2171556 - Error in application, message was: Qualifier: ValidateFlashActionDIDsAgainstModule text: Update was not successful!"
3826,"FAIL - F188 = NU5T-14G676-EC >>> SHOULD = PU5T-14G676-CC"
3827,"FAIL - 8068 = MU5T-14H236-MC >>> SHOULD = MU5T-14H236-MD"
3828,"FAIL - 8033 = NU5T-14G682-DN >>> SHOULD = PU5T-14G682-FL"
3831,"FAIL - NU5T-14H211-CA is NOT installed"
3832,"FAIL - PU5T-14H211-ADA is NOT installed"
3833,"FAIL - PU5T-14H212-ANF is NOT installed"
3834,"FAIL - PU5T-14H212-APF is NOT installed"
3835,"FAIL - PU5T-14H212-ARF is NOT installed"
3836,"FAIL - PU5T-14H212-ASF is NOT installed"
3837,"FAIL - PU5T-14H212-ATF is NOT installed"
3838,"FAIL - PU5T-14H213-ANF is NOT installed"
3839,"FAIL - PU5T-14H213-APF is NOT installed"
3840,"FAIL - PU5T-14H213-ARF is NOT installed"
3841,"FAIL - PU5T-14H237-CB is NOT installed"
3845,"FAIL - F188 = NU5T-14G676-EC >>> SHOULD = PU5T-14G676-CC"
3846,"FAIL - 8068 = MU5T-14H236-MC >>> SHOULD = MU5T-14H236-MD"
3847,"FAIL - 8033 = NU5T-14G682-DN >>> SHOULD = PU5T-14G682-FL"
3850,"FAIL - NU5T-14H211-CA is NOT installed"
3851,"FAIL - PU5T-14H211-ADA is NOT installed"
3852,"FAIL - PU5T-14H212-ANF is NOT installed"
3853,"FAIL - PU5T-14H212-APF is NOT installed"
3854,"FAIL - PU5T-14H212-ARF is NOT installed"
3855,"FAIL - PU5T-14H212-ASF is NOT installed"
3856,"FAIL - PU5T-14H212-ATF is NOT installed"
3857,"FAIL - PU5T-14H213-ANF is NOT installed"
3858,"FAIL - PU5T-14H213-APF is NOT installed"
3859,"FAIL - PU5T-14H213-ARF is NOT installed"
3860,"FAIL - PU5T-14H237-CB is NOT installed"
3880,"FAIL - F188 = NU5T-14G676-EC >>> SHOULD = PU5T-14G676-CC"
3881,"FAIL - 8068 = MU5T-14H236-MC >>> SHOULD = MU5T-14H236-MD"
3882,"FAIL - 8033 = NU5T-14G682-DN >>> SHOULD = PU5T-14G682-FL"
3885,"FAIL - NU5T-14H211-CA is NOT installed"
3886,"FAIL - PU5T-14H211-ADA is NOT installed"
3887,"FAIL - PU5T-14H212-ANF is NOT installed"
3888,"FAIL - PU5T-14H212-APF is NOT installed"
3889,"FAIL - PU5T-14H212-ARF is NOT installed"
3890,"FAIL - PU5T-14H212-ASF is NOT installed"
3891,"FAIL - PU5T-14H212-ATF is NOT installed"
3892,"FAIL - PU5T-14H213-ANF is NOT installed"
3893,"FAIL - PU5T-14H213-APF is NOT installed"
3894,"FAIL - PU5T-14H213-ARF is NOT installed"
3895,"FAIL - PU5T-14H237-CB is NOT installed"
3897,"2025-10-21T10:56:08,150 ERROR otx.utils.ParallelExecutorOld - [TG] Parallel executor thread Thread[parallel-executor-9639-thread-2,5,tg-G2171556] got exception -> com.ford.etis.runtime.apps.otx.utils.exceptions.UserExceptionLiteral: Qualifier: ValidateFlashActionDIDsAgainstModule text: Update was not successful!"
3899,"FAIL - F188 = NU5T-14G676-EC >>> SHOULD = PU5T-14G676-CC"
3900,"FAIL - 8068 = MU5T-14H236-MC >>> SHOULD = MU5T-14H236-MD"
3901,"FAIL - 8033 = NU5T-14G682-DN >>> SHOULD = PU5T-14G682-FL"
3904,"FAIL - NU5T-14H211-CA is NOT installed"
3905,"FAIL - PU5T-14H211-ADA is NOT installed"
3906,"FAIL - PU5T-14H212-ANF is NOT installed"
3907,"FAIL - PU5T-14H212-APF is NOT installed"
3908,"FAIL - PU5T-14H212-ARF is NOT installed"
3909,"FAIL - PU5T-14H212-ASF is NOT installed"
3910,"FAIL - PU5T-14H212-ATF is NOT installed"
3911,"FAIL - PU5T-14H213-ANF is NOT installed"
3912,"FAIL - PU5T-14H213-APF is NOT installed"
3913,"FAIL - PU5T-14H213-ARF is NOT installed"
3914,"FAIL - PU5T-14H237-CB is NOT installed"
3916,"2025-10-21T10:56:08,161 ERROR otxcontainer.G2171556 - Error in application, message was: Qualifier: ValidateFlashActionDIDsAgainstModule text: Update was not successful!"
3918,"FAIL - F188 = NU5T-14G676-EC >>> SHOULD = PU5T-14G676-CC"
3919,"FAIL - 8068 = MU5T-14H236-MC >>> SHOULD = MU5T-14H236-MD"
3920,"FAIL - 8033 = NU5T-14G682-DN >>> SHOULD = PU5T-14G682-FL"
3923,"FAIL - NU5T-14H211-CA is NOT installed"
3924,"FAIL - PU5T-14H211-ADA is NOT installed"
3925,"FAIL - PU5T-14H212-ANF is NOT installed"
3926,"FAIL - PU5T-14H212-APF is NOT installed"
3927,"FAIL - PU5T-14H212-ARF is NOT installed"
3928,"FAIL - PU5T-14H212-ASF is NOT installed"
3929,"FAIL - PU5T-14H212-ATF is NOT installed"
3930,"FAIL - PU5T-14H213-ANF is NOT installed"
3931,"FAIL - PU5T-14H213-APF is NOT installed"
3932,"FAIL - PU5T-14H213-ARF is NOT installed"
3933,"FAIL - PU5T-14H237-CB is NOT installed"
3937,"FAIL - F188 = NU5T-14G676-EC >>> SHOULD = PU5T-14G676-CC"
3938,"FAIL - 8068 = MU5T-14H236-MC >>> SHOULD = MU5T-14H236-MD"
3939,"FAIL - 8033 = NU5T-14G682-DN >>> SHOULD = PU5T-14G682-FL"
3942,"FAIL - NU5T-14H211-CA is NOT installed"
3943,"FAIL - PU5T-14H211-ADA is NOT installed"
3944,"FAIL - PU5T-14H212-ANF is NOT installed"
3945,"FAIL - PU5T-14H212-APF is NOT installed"
3946,"FAIL - PU5T-14H212-ARF is NOT installed"
3947,"FAIL - PU5T-14H212-ASF is NOT installed"
3948,"FAIL - PU5T-14H212-ATF is NOT installed"
3949,"FAIL - PU5T-14H213-ANF is NOT installed"
3950,"FAIL - PU5T-14H213-APF is NOT installed"
3951,"FAIL - PU5T-14H213-ARF is NOT installed"
3952,"FAIL - PU5T-14H237-CB is NOT installed"
3972,"FAIL - F188 = NU5T-14G676-EC >>> SHOULD = PU5T-14G676-CC"
3973,"FAIL - 8068 = MU5T-14H236-MC >>> SHOULD = MU5T-14H236-MD"
3974,"FAIL - 8033 = NU5T-14G682-DN >>> SHOULD = PU5T-14G682-FL"
3977,"FAIL - NU5T-14H211-CA is NOT installed"
3978,"FAIL - PU5T-14H211-ADA is NOT installed"
3979,"FAIL - PU5T-14H212-ANF is NOT installed"
3980,"FAIL - PU5T-14H212-APF is NOT installed"
3981,"FAIL - PU5T-14H212-ARF is NOT installed"
3982,"FAIL - PU5T-14H212-ASF is NOT installed"
3983,"FAIL - PU5T-14H212-ATF is NOT installed"
3984,"FAIL - PU5T-14H213-ANF is NOT installed"
3985,"FAIL - PU5T-14H213-APF is NOT installed"
3986,"FAIL - PU5T-14H213-ARF is NOT installed"
3987,"FAIL - PU5T-14H237-CB is NOT installed"
3989,"2025-10-21T10:56:09,191 ERROR otxcontainer.G2171556 - Error in application, message was: Qualifier: ValidateFlashActionDIDsAgainstModule text: Update was not successful!"
3991,"FAIL - F188 = NU5T-14G676-EC >>> SHOULD = PU5T-14G676-CC"
3992,"FAIL - 8068 = MU5T-14H236-MC >>> SHOULD = MU5T-14H236-MD"
3993,"FAIL - 8033 = NU5T-14G682-DN >>> SHOULD = PU5T-14G682-FL"
3996,"FAIL - NU5T-14H211-CA is NOT installed"
3997,"FAIL - PU5T-14H211-ADA is NOT installed"
3998,"FAIL - PU5T-14H212-ANF is NOT installed"
3999,"FAIL - PU5T-14H212-APF is NOT installed"
4000,"FAIL - PU5T-14H212-ARF is NOT installed"
4001,"FAIL - PU5T-14H212-ASF is NOT installed"
4002,"FAIL - PU5T-14H212-ATF is NOT installed"
4003,"FAIL - PU5T-14H213-ANF is NOT installed"
4004,"FAIL - PU5T-14H213-APF is NOT installed"
4005,"FAIL - PU5T-14H213-ARF is NOT installed"
4006,"FAIL - PU5T-14H237-CB is NOT installed"
4010,"FAIL - F188 = NU5T-14G676-EC >>> SHOULD = PU5T-14G676-CC"
4011,"FAIL - 8068 = MU5T-14H236-MC >>> SHOULD = MU5T-14H236-MD"
4012,"FAIL - 8033 = NU5T-14G682-DN >>> SHOULD = PU5T-14G682-FL"
4015,"FAIL - NU5T-14H211-CA is NOT installed"
4016,"FAIL - PU5T-14H211-ADA is NOT installed"
4017,"FAIL - PU5T-14H212-ANF is NOT installed"
4018,"FAIL - PU5T-14H212-APF is NOT installed"
4019,"FAIL - PU5T-14H212-ARF is NOT installed"
4020,"FAIL - PU5T-14H212-ASF is NOT installed"
4021,"FAIL - PU5T-14H212-ATF is NOT installed"
4022,"FAIL - PU5T-14H213-ANF is NOT installed"
4023,"FAIL - PU5T-14H213-APF is NOT installed"
4024,"FAIL - PU5T-14H213-ARF is NOT installed"
4025,"FAIL - PU5T-14H237-CB is NOT installed"
4047,"FAIL - F188 = NU5T-14G676-EC >>> SHOULD = PU5T-14G676-CC"
4048,"FAIL - 8068 = MU5T-14H236-MC >>> SHOULD = MU5T-14H236-MD"
4049,"FAIL - 8033 = NU5T-14G682-DN >>> SHOULD = PU5T-14G682-FL"
4052,"FAIL - NU5T-14H211-CA is NOT installed"
4053,"FAIL - PU5T-14H211-ADA is NOT installed"
4054,"FAIL - PU5T-14H212-ANF is NOT installed"
4055,"FAIL - PU5T-14H212-APF is NOT installed"
4056,"FAIL - PU5T-14H212-ARF is NOT installed"
4057,"FAIL - PU5T-14H212-ASF is NOT installed"
4058,"FAIL - PU5T-14H212-ATF is NOT installed"
4059,"FAIL - PU5T-14H213-ANF is NOT installed"
4060,"FAIL - PU5T-14H213-APF is NOT installed"
4061,"FAIL - PU5T-14H213-ARF is NOT installed"
4062,"FAIL - PU5T-14H237-CB is NOT installed"
4064,"2025-10-21T10:56:10,217 ERROR otxcontainer.G2171556 - Error in application, message was: Qualifier: ValidateFlashActionDIDsAgainstModule text: Update was not successful!"
4066,"FAIL - F188 = NU5T-14G676-EC >>> SHOULD = PU5T-14G676-CC"
4067,"FAIL - 8068 = MU5T-14H236-MC >>> SHOULD = MU5T-14H236-MD"
4068,"FAIL - 8033 = NU5T-14G682-DN >>> SHOULD = PU5T-14G682-FL"
4071,"FAIL - NU5T-14H211-CA is NOT installed"
4072,"FAIL - PU5T-14H211-ADA is NOT installed"
4073,"FAIL - PU5T-14H212-ANF is NOT installed"
4074,"FAIL - PU5T-14H212-APF is NOT installed"
4075,"FAIL - PU5T-14H212-ARF is NOT installed"
4076,"FAIL - PU5T-14H212-ASF is NOT installed"
4077,"FAIL - PU5T-14H212-ATF is NOT installed"
4078,"FAIL - PU5T-14H213-ANF is NOT installed"
4079,"FAIL - PU5T-14H213-APF is NOT installed"
4080,"FAIL - PU5T-14H213-ARF is NOT installed"
4081,"FAIL - PU5T-14H237-CB is NOT installed"
4085,"FAIL - F188 = NU5T-14G676-EC >>> SHOULD = PU5T-14G676-CC"
4086,"FAIL - 8068 = MU5T-14H236-MC >>> SHOULD = MU5T-14H236-MD"
4087,"FAIL - 8033 = NU5T-14G682-DN >>> SHOULD = PU5T-14G682-FL"
4090,"FAIL - NU5T-14H211-CA is NOT installed"
4091,"FAIL - PU5T-14H211-ADA is NOT installed"
4092,"FAIL - PU5T-14H212-ANF is NOT installed"
4093,"FAIL - PU5T-14H212-APF is NOT installed"
4094,"FAIL - PU5T-14H212-ARF is NOT installed"
4095,"FAIL - PU5T-14H212-ASF is NOT installed"
4096,"FAIL - PU5T-14H212-ATF is NOT installed"
4097,"FAIL - PU5T-14H213-ANF is NOT installed"
4098,"FAIL - PU5T-14H213-APF is NOT installed"
4099,"FAIL - PU5T-14H213-ARF is NOT installed"
4100,"FAIL - PU5T-14H237-CB is NOT installed"
4120,"FAIL - F188 = NU5T-14G676-EC >>> SHOULD = PU5T-14G676-CC"
4121,"FAIL - 8068 = MU5T-14H236-MC >>> SHOULD = MU5T-14H236-MD"
4122,"FAIL - 8033 = NU5T-14G682-DN >>> SHOULD = PU5T-14G682-FL"
4125,"FAIL - NU5T-14H211-CA is NOT installed"
4126,"FAIL - PU5T-14H211-ADA is NOT installed"
4127,"FAIL - PU5T-14H212-ANF is NOT installed"
4128,"FAIL - PU5T-14H212-APF is NOT installed"
4129,"FAIL - PU5T-14H212-ARF is NOT installed"
4130,"FAIL - PU5T-14H212-ASF is NOT installed"
4131,"FAIL - PU5T-14H212-ATF is NOT installed"
4132,"FAIL - PU5T-14H213-ANF is NOT installed"
4133,"FAIL - PU5T-14H213-APF is NOT installed"
4134,"FAIL - PU5T-14H213-ARF is NOT installed"
4135,"FAIL - PU5T-14H237-CB is NOT installed"
4241,"FAIL - F188 = NU5T-14G676-EC >>> SHOULD = PU5T-14G676-CC"
4242,"FAIL - 8068 = MU5T-14H236-MC >>> SHOULD = MU5T-14H236-MD"
4243,"FAIL - 8033 = NU5T-14G682-DN >>> SHOULD = PU5T-14G682-FL"
4246,"FAIL - NU5T-14H211-CA is NOT installed"
4247,"FAIL - PU5T-14H211-ADA is NOT installed"
4248,"FAIL - PU5T-14H212-ANF is NOT installed"
4249,"FAIL - PU5T-14H212-APF is NOT installed"
4250,"FAIL - PU5T-14H212-ARF is NOT installed"
4251,"FAIL - PU5T-14H212-ASF is NOT installed"
4252,"FAIL - PU5T-14H212-ATF is NOT installed"
4253,"FAIL - PU5T-14H213-ANF is NOT installed"
4254,"FAIL - PU5T-14H213-APF is NOT installed"
4255,"FAIL - PU5T-14H213-ARF is NOT installed"
4256,"FAIL - PU5T-14H237-CB is NOT installed"
4507,"NRC = 31 (requestOutOfRange)"
4517,"NRC = 31 (requestOutOfRange)"
4535,"NRC = 31 (requestOutOfRange)"
4545,"NRC = 31 (requestOutOfRange)"
4571,"NRC = 31 (requestOutOfRange)"
4581,"NRC = 31 (requestOutOfRange)"
4591,"NRC = 31 (requestOutOfRange)"
4609,"NRC = 31 (requestOutOfRange)"
4635,"NRC = 31 (requestOutOfRange)"
4645,"NRC = 31 (requestOutOfRange)"
4655,"NRC = 31 (requestOutOfRange)"
4697,"NRC = 31 (requestOutOfRange)"
4731,"NRC = 31 (requestOutOfRange)"
4741,"NRC = 31 (requestOutOfRange)"
4751,"NRC = 31 (requestOutOfRange)"
4761,"NRC = 31 (requestOutOfRange)"
4779,"NRC = 31 (requestOutOfRange)"
4797,"NRC = 31 (requestOutOfRange)"
4815,"NRC = 31 (requestOutOfRange)"
4825,"NRC = 31 (requestOutOfRange)"
4843,"NRC = 31 (requestOutOfRange)"
4853,"NRC = 31 (requestOutOfRange)"
4863,"NRC = 31 (requestOutOfRange)"
4873,"NRC = 31 (requestOutOfRange)"
4883,"NRC = 31 (requestOutOfRange)"
4893,"NRC = 31 (requestOutOfRange)"
4903,"NRC = 31 (requestOutOfRange)"
4913,"NRC = 31 (requestOutOfRange)"
4939,"NRC = 31 (requestOutOfRange)"
4965,"NRC = 31 (requestOutOfRange)"
4975,"NRC = 31 (requestOutOfRange)"
5001,"NRC = 31 (requestOutOfRange)"
5011,"NRC = 31 (requestOutOfRange)"
5021,"NRC = 31 (requestOutOfRange)"
5039,"NRC = 31 (requestOutOfRange)"
5065,"NRC = 31 (requestOutOfRange)"
5075,"NRC = 31 (requestOutOfRange)"
5085,"NRC = 31 (requestOutOfRange)"
5127,"NRC = 31 (requestOutOfRange)"
5153,"NRC = 31 (requestOutOfRange)"
5163,"NRC = 31 (requestOutOfRange)"
5173,"NRC = 31 (requestOutOfRange)"
5183,"NRC = 31 (requestOutOfRange)"
5193,"NRC = 31 (requestOutOfRange)"
5211,"NRC = 31 (requestOutOfRange)"
5221,"NRC = 31 (requestOutOfRange)"
5255,"NRC = 31 (requestOutOfRange)"
5265,"NRC = 31 (requestOutOfRange)"
5275,"NRC = 31 (requestOutOfRange)"
5285,"NRC = 31 (requestOutOfRange)"
5303,"NRC = 31 (requestOutOfRange)"
5313,"NRC = 31 (requestOutOfRange)"
5323,"NRC = 31 (requestOutOfRange)"
5333,"NRC = 31 (requestOutOfRange)"
5359,"NRC = 31 (requestOutOfRange)"
5369,"NRC = 31 (requestOutOfRange)"
5379,"NRC = 31 (requestOutOfRange)"
5389,"NRC = 31 (requestOutOfRange)"
5399,"NRC = 31 (requestOutOfRange)"
5417,"NRC = 31 (requestOutOfRange)"
5427,"NRC = 31 (requestOutOfRange)"
5461,"NRC = 31 (requestOutOfRange)"
5479,"NRC = 31 (requestOutOfRange)"
5489,"NRC = 31 (requestOutOfRange)"
5499,"NRC = 31 (requestOutOfRange)"
5509,"NRC = 31 (requestOutOfRange)"
5519,"NRC = 31 (requestOutOfRange)"
5529,"NRC = 31 (requestOutOfRange)"
5539,"NRC = 31 (requestOutOfRange)"
5549,"NRC = 31 (requestOutOfRange)"
5559,"NRC = 31 (requestOutOfRange)"
5569,"NRC = 31 (requestOutOfRange)"
5579,"NRC = 31 (requestOutOfRange)"
5589,"NRC = 31 (requestOutOfRange)"
5623,"NRC = 31 (requestOutOfRange)"
5641,"NRC = 31 (requestOutOfRange)"
5667,"NRC = 31 (requestOutOfRange)"
5677,"NRC = 31 (requestOutOfRange)"
5687,"NRC = 31 (requestOutOfRange)"
5697,"NRC = 31 (requestOutOfRange)"
5742,"NRC = 31 (requestOutOfRange)"
5752,"NRC = 31 (requestOutOfRange)"
5770,"NRC = 31 (requestOutOfRange)"
6168,"BEGIN ~~ BatteryCheck"
6169,"Battery State of Charge SOC (percent) = 87"
6170,"Battery voltage = 13.152"
6171,"END ~~ BatteryCheck"
6363,"errorDetails = SUCCESS"
6364,"errorSource = FENIX. "
6497,"NRC = 31 (requestOutOfRange)"
6612,"F188 Validation FAIL"
6615,"8068 Validation FAIL"
6618,"8033 Validation FAIL"
6633,"Failed update!!!"
6637,"FAIL - F188 = NU5T-14G676-EC >>> SHOULD = PU5T-14G676-CC"
6638,"FAIL - 8068 = MU5T-14H236-MC >>> SHOULD = MU5T-14H236-MD"
6639,"FAIL - 8033 = NU5T-14G682-DN >>> SHOULD = PU5T-14G682-FL"
6642,"FAIL - NU5T-14H211-CA is NOT installed"
6643,"FAIL - PU5T-14H211-ADA is NOT installed"
6644,"FAIL - PU5T-14H212-ANF is NOT installed"
6645,"FAIL - PU5T-14H212-APF is NOT installed"
6646,"FAIL - PU5T-14H212-ARF is NOT installed"
6647,"FAIL - PU5T-14H212-ASF is NOT installed"
6648,"FAIL - PU5T-14H212-ATF is NOT installed"
6649,"FAIL - PU5T-14H213-ANF is NOT installed"
6650,"FAIL - PU5T-14H213-APF is NOT installed"
6651,"FAIL - PU5T-14H213-ARF is NOT installed"
6652,"FAIL - PU5T-14H237-CB is NOT installed"
6676,"Update software programming failed, exit process"
6731,"BEGIN ~~ BatteryCheck"
6732,"Battery State of Charge SOC (percent) = 87"
6733,"Battery voltage = 13.167"
6734,"END ~~ BatteryCheck"
6926,"errorDetails = SUCCESS"
6927,"errorSource = FENIX. "
7061,"NRC = 31 (requestOutOfRange)"
7176,"F188 Validation FAIL"
7179,"8068 Validation FAIL"
7182,"8033 Validation FAIL"
7197,"Failed update!!!"
7201,"FAIL - F188 = NU5T-14G676-EC >>> SHOULD = PU5T-14G676-CC"
7202,"FAIL - 8068 = MU5T-14H236-MC >>> SHOULD = MU5T-14H236-MD"
7203,"FAIL - 8033 = NU5T-14G682-DN >>> SHOULD = PU5T-14G682-FL"
7206,"FAIL - NU5T-14H211-CA is NOT installed"
7207,"FAIL - PU5T-14H211-ADA is NOT installed"
7208,"FAIL - PU5T-14H212-ANF is NOT installed"
7209,"FAIL - PU5T-14H212-APF is NOT installed"
7210,"FAIL - PU5T-14H212-ARF is NOT installed"
7211,"FAIL - PU5T-14H212-ASF is NOT installed"
7212,"FAIL - PU5T-14H212-ATF is NOT installed"
7213,"FAIL - PU5T-14H213-ANF is NOT installed"
7214,"FAIL - PU5T-14H213-APF is NOT installed"
7215,"FAIL - PU5T-14H213-ARF is NOT installed"
7216,"FAIL - PU5T-14H237-CB is NOT installed"
7223,"FAIL - F188 = NU5T-14G676-EC >>> SHOULD = PU5T-14G676-CC"
7224,"FAIL - 8068 = MU5T-14H236-MC >>> SHOULD = MU5T-14H236-MD"
7225,"FAIL - 8033 = NU5T-14G682-DN >>> SHOULD = PU5T-14G682-FL"
7228,"FAIL - NU5T-14H211-CA is NOT installed"
7229,"FAIL - PU5T-14H211-ADA is NOT installed"
7230,"FAIL - PU5T-14H212-ANF is NOT installed"
7231,"FAIL - PU5T-14H212-APF is NOT installed"
7232,"FAIL - PU5T-14H212-ARF is NOT installed"
7233,"FAIL - PU5T-14H212-ASF is NOT installed"
7234,"FAIL - PU5T-14H212-ATF is NOT installed"
7235,"FAIL - PU5T-14H213-ANF is NOT installed"
7236,"FAIL - PU5T-14H213-APF is NOT installed"
7237,"FAIL - PU5T-14H213-ARF is NOT installed"
7238,"FAIL - PU5T-14H237-CB is NOT installed"
7240,"Update software programming failed, exit process"
7244,"FAIL - F188 = NU5T-14G676-EC >>> SHOULD = PU5T-14G676-CC"
7245,"FAIL - 8068 = MU5T-14H236-MC >>> SHOULD = MU5T-14H236-MD"
7246,"FAIL - 8033 = NU5T-14G682-DN >>> SHOULD = PU5T-14G682-FL"
7249,"FAIL - NU5T-14H211-CA is NOT installed"
7250,"FAIL - PU5T-14H211-ADA is NOT installed"
7251,"FAIL - PU5T-14H212-ANF is NOT installed"
7252,"FAIL - PU5T-14H212-APF is NOT installed"
7253,"FAIL - PU5T-14H212-ARF is NOT installed"
7254,"FAIL - PU5T-14H212-ASF is NOT installed"
7255,"FAIL - PU5T-14H212-ATF is NOT installed"
7256,"FAIL - PU5T-14H213-ANF is NOT installed"
7257,"FAIL - PU5T-14H213-APF is NOT installed"
7258,"FAIL - PU5T-14H213-ARF is NOT installed"
7259,"FAIL - PU5T-14H237-CB is NOT installed"
7264,"FAIL - F188 = NU5T-14G676-EC >>> SHOULD = PU5T-14G676-CC"
7265,"FAIL - 8068 = MU5T-14H236-MC >>> SHOULD = MU5T-14H236-MD"
7266,"FAIL - 8033 = NU5T-14G682-DN >>> SHOULD = PU5T-14G682-FL"
7269,"FAIL - NU5T-14H211-CA is NOT installed"
7270,"FAIL - PU5T-14H211-ADA is NOT installed"
7271,"FAIL - PU5T-14H212-ANF is NOT installed"
7272,"FAIL - PU5T-14H212-APF is NOT installed"
7273,"FAIL - PU5T-14H212-ARF is NOT installed"
7274,"FAIL - PU5T-14H212-ASF is NOT installed"
7275,"FAIL - PU5T-14H212-ATF is NOT installed"
7276,"FAIL - PU5T-14H213-ANF is NOT installed"
7277,"FAIL - PU5T-14H213-APF is NOT installed"
7278,"FAIL - PU5T-14H213-ARF is NOT installed"
7279,"FAIL - PU5T-14H237-CB is NOT installed"
7284,"FAIL - F188 = NU5T-14G676-EC >>> SHOULD = PU5T-14G676-CC"
7285,"FAIL - 8068 = MU5T-14H236-MC >>> SHOULD = MU5T-14H236-MD"
7286,"FAIL - 8033 = NU5T-14G682-DN >>> SHOULD = PU5T-14G682-FL"
7289,"FAIL - NU5T-14H211-CA is NOT installed"
7290,"FAIL - PU5T-14H211-ADA is NOT installed"
7291,"FAIL - PU5T-14H212-ANF is NOT installed"
7292,"FAIL - PU5T-14H212-APF is NOT installed"
7293,"FAIL - PU5T-14H212-ARF is NOT installed"
7294,"FAIL - PU5T-14H212-ASF is NOT installed"
7295,"FAIL - PU5T-14H212-ATF is NOT installed"
7296,"FAIL - PU5T-14H213-ANF is NOT installed"
7297,"FAIL - PU5T-14H213-APF is NOT installed"
7298,"FAIL - PU5T-14H213-ARF is NOT installed"
7299,"FAIL - PU5T-14H237-CB is NOT installed"
7304,"FAIL - F188 = NU5T-14G676-EC >>> SHOULD = PU5T-14G676-CC"
7305,"FAIL - 8068 = MU5T-14H236-MC >>> SHOULD = MU5T-14H236-MD"
7306,"FAIL - 8033 = NU5T-14G682-DN >>> SHOULD = PU5T-14G682-FL"
7309,"FAIL - NU5T-14H211-CA is NOT installed"
7310,"FAIL - PU5T-14H211-ADA is NOT installed"
7311,"FAIL - PU5T-14H212-ANF is NOT installed"
7312,"FAIL - PU5T-14H212-APF is NOT installed"
7313,"FAIL - PU5T-14H212-ARF is NOT installed"
7314,"FAIL - PU5T-14H212-ASF is NOT installed"
7315,"FAIL - PU5T-14H212-ATF is NOT installed"
7316,"FAIL - PU5T-14H213-ANF is NOT installed"
7317,"FAIL - PU5T-14H213-APF is NOT installed"
7318,"FAIL - PU5T-14H213-ARF is NOT installed"
7319,"FAIL - PU5T-14H237-CB is NOT installed"
7324,"FAIL - F188 = NU5T-14G676-EC >>> SHOULD = PU5T-14G676-CC"
7325,"FAIL - 8068 = MU5T-14H236-MC >>> SHOULD = MU5T-14H236-MD"
7326,"FAIL - 8033 = NU5T-14G682-DN >>> SHOULD = PU5T-14G682-FL"
7329,"FAIL - NU5T-14H211-CA is NOT installed"
7330,"FAIL - PU5T-14H211-ADA is NOT installed"
7331,"FAIL - PU5T-14H212-ANF is NOT installed"
7332,"FAIL - PU5T-14H212-APF is NOT installed"
7333,"FAIL - PU5T-14H212-ARF is NOT installed"
7334,"FAIL - PU5T-14H212-ASF is NOT installed"
7335,"FAIL - PU5T-14H212-ATF is NOT installed"
7336,"FAIL - PU5T-14H213-ANF is NOT installed"
7337,"FAIL - PU5T-14H213-APF is NOT installed"
7338,"FAIL - PU5T-14H213-ARF is NOT installed"
7339,"FAIL - PU5T-14H237-CB is NOT installed"
7368,"FAIL - F188 = NU5T-14G676-EC >>> SHOULD = PU5T-14G676-CC"
7369,"FAIL - 8068 = MU5T-14H236-MC >>> SHOULD = MU5T-14H236-MD"
7370,"FAIL - 8033 = NU5T-14G682-DN >>> SHOULD = PU5T-14G682-FL"
7373,"FAIL - NU5T-14H211-CA is NOT installed"
7374,"FAIL - PU5T-14H211-ADA is NOT installed"
7375,"FAIL - PU5T-14H212-ANF is NOT installed"
7376,"FAIL - PU5T-14H212-APF is NOT installed"
7377,"FAIL - PU5T-14H212-ARF is NOT installed"
7378,"FAIL - PU5T-14H212-ASF is NOT installed"
7379,"FAIL - PU5T-14H212-ATF is NOT installed"
7380,"FAIL - PU5T-14H213-ANF is NOT installed"
7381,"FAIL - PU5T-14H213-APF is NOT installed"
7382,"FAIL - PU5T-14H213-ARF is NOT installed"
7383,"FAIL - PU5T-14H237-CB is NOT installed"
